{
  "Simple_NN_Balanced": {
    "metrics": {
      "accuracy": 0.7465366854797332,
      "precision": 0.04328329108988107,
      "recall": 0.8705882352941177,
      "f1": 0.08246656760772661,
      "roc_auc": 0.8725659413752505
    },
    "confusion_matrix": [
      [
        14328,
        4907
      ],
      [
        33,
        222
      ]
    ]
  },
  "RGCN_Balanced": {
    "metrics": {
      "accuracy": 0.7523858388917394,
      "precision": 0.044630404463040445,
      "recall": 0.8784313725490196,
      "f1": 0.08494501327265833,
      "roc_auc": 0.8915095541725919
    },
    "confusion_matrix": [
      [
        14440,
        4795
      ],
      [
        31,
        224
      ]
    ]
  },
  "BERT_Balanced": {
    "metrics": {
      "accuracy": 0.9196511031298101,
      "precision": 0.07736943907156674,
      "recall": 0.47058823529411764,
      "f1": 0.132890365448505,
      "roc_auc": 0.8254120093579412
    },
    "confusion_matrix": [
      [
        17804,
        1431
      ],
      [
        135,
        120
      ]
    ]
  }
}