Experiment,Model,Accuracy,Precision,Recall,F1 Score,ROC-AUC,True Positives,True Negatives,False Positives,False Negatives
Robust (Balanced),Simple NN,0.7465366854797332,0.04328329108988107,0.8705882352941177,0.08246656760772661,0.8725659413752505,222,14328,4907,33
Robust (Balanced),BERT Bi-Encoder,0.7836839404822986,0.039739716476876595,0.6705882352941176,0.0750329091706889,0.7848380964031051,171,15103,4132,84
Robust (Balanced),BERT Cross-Encoder,0.48953309389430477,0.01838235294117647,0.7254901960784313,0.03585618761507898,0.6694302155486578,185,9356,9879,70
