{
  "SimpleNN_Balanced_Robust": {
    "metrics": {
      "accuracy": 0.7465366854797332,
      "precision": 0.04328329108988107,
      "recall": 0.8705882352941177,
      "f1": 0.08246656760772661,
      "roc_auc": 0.8725659413752505
    },
    "confusion_matrix": [
      [
        14328,
        4907
      ],
      [
        33,
        222
      ]
    ],
    "classification_report": {
      "Non-Contrary": {
        "precision": 0.9977021098809276,
        "recall": 0.7448921237327788,
        "f1-score": 0.8529586855578045,
        "support": 19235
      },
      "Contrary": {
        "precision": 0.04328329108988107,
        "recall": 0.8705882352941177,
        "f1-score": 0.08246656760772661,
        "support": 255
      },
      "accuracy": 0.7465366854797332,
      "macro avg": {
        "precision": 0.5204927004854043,
        "recall": 0.8077401795134482,
        "f1-score": 0.4677126265827656,
        "support": 19490
      },
      "weighted avg": {
        "precision": 0.9852148446786846,
        "recall": 0.7465366854797332,
        "f1-score": 0.8428778497406022,
        "support": 19490
      }
    }
  },
  "BERT_Balanced_Robust": {
    "metrics": {
      "accuracy": 0.7836839404822986,
      "precision": 0.039739716476876595,
      "recall": 0.6705882352941176,
      "f1": 0.0750329091706889,
      "roc_auc": 0.7848380964031051
    },
    "confusion_matrix": [
      [
        15103,
        4132
      ],
      [
        84,
        171
      ]
    ],
    "classification_report": {
      "Non-Contrary": {
        "precision": 0.9944689537104102,
        "recall": 0.7851832596828697,
        "f1-score": 0.8775201905757946,
        "support": 19235
      },
      "Contrary": {
        "precision": 0.039739716476876595,
        "recall": 0.6705882352941176,
        "f1-score": 0.0750329091706889,
        "support": 255
      },
      "accuracy": 0.7836839404822986,
      "macro avg": {
        "precision": 0.5171043350936434,
        "recall": 0.7278857474884937,
        "f1-score": 0.47627654987324175,
        "support": 19490
      },
      "weighted avg": {
        "precision": 0.9819776271073036,
        "recall": 0.7836839404822986,
        "f1-score": 0.8670207417939423,
        "support": 19490
      }
    }
  },
  "CrossEncoder_Balanced_Robust": {
    "metrics": {
      "accuracy": 0.48953309389430477,
      "precision": 0.01838235294117647,
      "recall": 0.7254901960784313,
      "f1": 0.03585618761507898,
      "roc_auc": 0.6694302155486578
    },
    "confusion_matrix": [
      [
        9356,
        9879
      ],
      [
        70,
        185
      ]
    ],
    "classification_report": {
      "Non-Contrary": {
        "precision": 0.9925737322300021,
        "recall": 0.48640499090200157,
        "f1-score": 0.6528732423851226,
        "support": 19235
      },
      "Contrary": {
        "precision": 0.01838235294117647,
        "recall": 0.7254901960784313,
        "f1-score": 0.03585618761507898,
        "support": 255
      },
      "accuracy": 0.48953309389430477,
      "macro avg": {
        "precision": 0.5054780425855893,
        "recall": 0.6059475934902164,
        "f1-score": 0.3443647150001008,
        "support": 19490
      },
      "weighted avg": {
        "precision": 0.9798277701100098,
        "recall": 0.48953309389430477,
        "f1-score": 0.6448004179127592,
        "support": 19490
      }
    }
  }
}